Model,TOPSIS Score,Rank
GPT-3,0.7859223558029904,1
DialoGPT,0.5918231909000295,2
T5 Conversational,0.1542507360861813,3
BERT Dialogue,0.5218226876083764,4
BlenderBot,0.5099523367667451,5
